COUNTYFP20,BLACK,HISP,ASIAN,WHITE,OTHER,VAP20,BLACK_share,HISP_share,ASIAN_share,WHITE_share,OTHER_share,COUNTY,CNAME
48001,10024,8350,363,28406,238,47381,0.2115615964205061,0.176230978662333,0.0076612988328654,0.5995230155547583,0.0050231105295371,Anderson,Anderson
48003,211,6731,83,5828,95,12948,0.0162959530429409,0.5198486252703121,0.0064102564102564,0.45010812480692,0.0073370404695705,Andrews,Andrews
48005,9815,12872,795,41265,311,65058,0.1508653816594423,0.1978542223861784,0.0122198653509176,0.6342801807617818,0.0047803498416797,Angelina,Angelina
48007,225,4397,467,14521,206,19816,0.0113544610415825,0.2218914008881711,0.0235668146951958,0.7327916834880904,0.01039563988696,Aransas,Aransas
48009,54,474,37,5990,57,6612,0.0081669691470054,0.0716878402903811,0.0055958862673926,0.9059286146400484,0.0086206896551724,Archer,Archer
48011,9,85,13,1300,20,1427,0.0063069376313945,0.0595655220742817,0.0091100210231254,0.9110021023125436,0.0140154169586545,Armstrong,Armstrong
48013,353,21784,198,13407,241,35983,0.0098101881444015,0.6053969930244838,0.0055025984492677,0.3725926131784454,0.0066976072034016,Atascosa,Atascosa
48015,1874,5357,199,15572,155,23157,0.0809258539534482,0.2313339379021462,0.0085935138403074,0.672453253875718,0.0066934404283801,Austin,Austin
48017,34,2946,9,1815,34,4838,0.007027697395618,0.6089293096320794,0.0018602728400165,0.375155022736668,0.007027697395618,Bailey,Bailey
48019,166,2948,138,13943,154,17349,0.0095682748285203,0.1699233385209522,0.0079543489538301,0.8036774453859012,0.008876592310796,Bandera,Bandera
48021,4731,27108,788,39796,604,73027,0.0647842578772234,0.3712051706902926,0.0107905295301737,0.5449491284045627,0.0082709134977474,Bastrop,Bastrop
48023,54,275,6,2289,12,2636,0.0204855842185129,0.1043247344461305,0.0022761760242792,0.868361153262519,0.0045523520485584,Baylor,Baylor
48025,2241,14920,220,7547,94,25022,0.0895611861561825,0.5962752777555751,0.0087922628087283,0.3016145791703301,0.0037566941091839,Bee,Bee
48027,63242,61176,11429,131345,4971,272163,0.2323681029383127,0.2247770637448881,0.0419932172999268,0.4825968261666721,0.0182647898502,Bell,Bell
48029,124689,854043,60850,461093,11713,1512388,0.0824451132910337,0.5646983446046914,0.0402343842982091,0.3048774520824021,0.0077447057236635,Bexar,Bexar
48031,84,1514,62,7699,62,9421,0.0089162509287761,0.1607048084067509,0.0065810423521919,0.8172168559600892,0.0065810423521919,Blanco,Blanco
48033,3,53,0,415,0,471,0.0063694267515923,0.1125265392781316,0.0,0.881104033970276,0.0,Borden,Borden
48035,274,2148,74,11873,87,14456,0.0189540675152185,0.1485888212506917,0.0051189817376867,0.8213198671831765,0.0060182623132263,Bosque,Bosque
48037,17814,5263,994,46787,679,71537,0.2490179906901324,0.0735703202538546,0.0138949075303689,0.6540251897619414,0.0094915917637026,Bowie,Bowie
48039,41963,77672,20451,133949,1865,275900,0.1520949619427328,0.2815222906850308,0.0741246828561072,0.485498368974266,0.0067596955418629,Brazoria,Brazoria
48041,18545,45137,13908,107061,1284,185935,0.0997391561567214,0.2427568774033936,0.0748003334498615,0.5757979939226073,0.006905639067416,Brazos,Brazos
48043,189,2982,99,4496,80,7846,0.024088707621718,0.3800662758093296,0.0126178944685189,0.5730308437420342,0.0101962783583991,Brewster,Brewster
48045,17,259,0,833,4,1113,0.0152740341419586,0.2327044025157232,0.0,0.7484276729559748,0.0035938903863432,Briscoe,Briscoe
48047,29,4593,26,663,18,5329,0.0054419215612685,0.8618877838243573,0.0048789641583786,0.1244135860386564,0.003377744417339,Brooks,Brooks
48049,1182,5525,263,22683,225,29878,0.0395608809157239,0.1849186692549702,0.0088024633509605,0.7591873619385501,0.0075306245397951,Brown,Brown
48051,1486,2503,71,9769,82,13911,0.10682193947236,0.1799295521529724,0.0051038746315865,0.7022500179713895,0.0058946157716914,Burleson,Burleson
48053,578,7372,426,30331,276,38983,0.0148269758612728,0.1891080727496601,0.0109278403406613,0.7780571018136111,0.0070800092347946,Burnet,Burnet
48055,1978,17100,245,14483,228,34034,0.0581183522359992,0.5024387377328554,0.0071986836692719,0.425545043192102,0.0066991831697714,Caldwell,Caldwell
48057,337,6980,849,7264,72,15502,0.0217391304347826,0.4502644820023223,0.0547671268223455,0.4685846987485486,0.004644561992001,Calhoun,Calhoun
48059,141,867,67,9532,89,10696,0.0131824981301421,0.0810583395661929,0.006264023934181,0.8911742707554225,0.0083208676140613,Callahan,Callahan
48061,1300,264000,2371,32693,844,301208,0.0043159544235212,0.8764707444689384,0.0078716368755145,0.108539613821678,0.0028020504103476,Cameron,Cameron
48063,1481,1998,102,5708,56,9345,0.1584804708400214,0.2138041733547351,0.0109149277688603,0.6108079186730873,0.0059925093632958,Camp,Camp
48065,61,382,19,3897,42,4401,0.0138604862531242,0.0867984548966144,0.004317200636219,0.885480572597137,0.0095432856169052,Carson,Carson
48067,3566,844,125,17515,177,22227,0.1604355063661312,0.0379718360552481,0.0056237908849597,0.7880055788005579,0.0079632878931029,Cass,Cass
48069,94,3215,37,1896,35,5277,0.017813151411787,0.6092476786052682,0.0070115595982565,0.3592950540079591,0.0066325563767292,Castro,Castro
48071,2608,6781,553,23237,285,33464,0.0779344967726512,0.2026356681807315,0.016525221133158,0.6943879990437485,0.0085166148697107,Chambers,Chambers
48073,5113,7472,251,24855,196,37887,0.1349539419853775,0.1972180431282498,0.0066249637078681,0.6560297727452689,0.0051732784332356,Cherokee,Cherokee
48075,560,1461,48,3221,28,5318,0.1053027453930049,0.2747273411056788,0.0090259496051147,0.6056788266265514,0.0052651372696502,Childress,Childress
48077,69,394,62,7530,89,8144,0.0084724950884086,0.0483791748526522,0.0076129666011787,0.924607072691552,0.0109282907662082,Clay,Clay
48079,57,1019,3,734,4,1817,0.03137039075399,0.5608145294441387,0.0016510731975784,0.4039625756741882,0.0022014309301045,Cochran,Cochran
48081,8,471,4,2128,23,2634,0.0030372057706909,0.1788154897494305,0.0015186028853454,0.8078967350037966,0.0087319665907365,Coke,Coke
48083,127,815,31,5138,54,6165,0.0206001622060016,0.1321978913219789,0.0050283860502838,0.8334144363341444,0.0087591240875912,Coleman,Coleman
48085,84041,112750,143191,440384,6472,786838,0.1068085171280492,0.1432950620076813,0.181982822385294,0.5596882712832884,0.008225327195687,Collin,Collin
48087,95,520,14,1340,19,1988,0.0477867203219315,0.2615694164989939,0.0070422535211267,0.6740442655935613,0.0095573440643863,Collingsworth,Collingsworth
48089,1781,4026,85,10159,42,16093,0.1106692350711489,0.2501708817498291,0.0052817995401727,0.6312682532778227,0.0026098303610265,Colorado,Colorado
48091,3408,30300,2160,89620,1047,126535,0.0269332595724503,0.2394594381001304,0.0170703757853558,0.7082625360572173,0.008274390484846,Comal,Comal
48093,51,2506,39,7912,58,10566,0.0048268029528676,0.2371758470565966,0.0036910846110164,0.7488169600605716,0.0054893053189475,Comanche,Comanche
48095,80,815,22,1911,23,2851,0.028060329708874,0.2858646089091546,0.0077165906699403,0.6702911259207296,0.0080673447913012,Concho,Concho
48097,998,5132,304,24751,338,31523,0.0316594232782412,0.1628017637915173,0.0096437521809472,0.7851727310217936,0.0107223297275005,Cooke,Cooke
48099,10028,11259,2075,38025,1219,62606,0.1601763409257898,0.179838993067757,0.0331437881353224,0.6073699006485002,0.0194709772226304,Coryell,Coryell
48101,79,226,10,779,3,1097,0.0720145852324521,0.2060164083865086,0.0091157702825888,0.7101185050136737,0.0027347310847766,Cottle,Cottle
48103,60,2087,24,1166,14,3351,0.0179051029543419,0.6227991644285288,0.0071620411817367,0.3479558340793793,0.0041778573560131,Crane,Crane
48105,21,1416,7,936,14,2394,0.0087719298245614,0.5914786967418546,0.0029239766081871,0.3909774436090225,0.0058479532163742,Crockett,Crockett
48107,107,1873,17,1806,9,3812,0.0280692549842602,0.4913431269674711,0.0044596012591815,0.4737670514165792,0.0023609653725078,Crosby,Crosby
48109,22,1252,27,406,14,1721,0.0127832655432887,0.7274840209180709,0.0156885531667635,0.2359093550261476,0.0081348053457292,Culberson,Culberson
48111,89,2447,10,2429,47,5022,0.0177220230983671,0.4872560732775786,0.0019912385503783,0.4836718438868976,0.0093588211867781,Dallam,Dallam
48113,443042,722471,149921,643756,13388,1972578,0.2246004974201273,0.3662572531986061,0.07600257125447,0.3263526207835634,0.006787057343233,Dallas,Dallas
48115,805,4733,53,3824,35,9450,0.0851851851851851,0.5008465608465609,0.0056084656084656,0.4046560846560846,0.0037037037037037,Dawson,Dawson
48117,95,9156,39,3581,78,12949,0.0073364738589852,0.7070816279249363,0.0030118155842149,0.2765464514634335,0.0060236311684299,Deafsmith,Deafsmith
48119,259,252,32,3487,51,4081,0.0634648370497427,0.0617495711835334,0.0078412153883852,0.8544474393530997,0.0124969370252389,Delta,Delta
48121,76485,122901,73199,399875,5956,678416,0.1127405603641423,0.1811587580481592,0.1078969246008348,0.5894244829131389,0.0087792740737246,Denton,Denton
48123,1294,4826,72,9160,66,15418,0.0839278765079776,0.313010766636399,0.0046698663899338,0.5941107796082501,0.0042807108574393,Dewitt,DeWitt
48125,26,339,5,992,7,1369,0.0189919649379108,0.2476260043827611,0.0036523009495982,0.7246165084002922,0.0051132213294375,Dickens,Dickens
48127,66,5387,58,778,19,6308,0.0104629042485732,0.853994927076728,0.0091946734305643,0.1233354470513633,0.003012048192771,Dimmit,Dimmit
48129,142,232,20,2168,29,2591,0.0548050945580856,0.0895407178695484,0.0077190274025472,0.8367425704361251,0.0111925897336935,Donley,Donley
48131,151,5963,42,1337,19,7512,0.0201011714589989,0.7937965921192758,0.005591054313099,0.1779818956336528,0.0025292864749733,Duval,Duval
48133,356,1953,99,11477,101,13986,0.0254540254540254,0.1396396396396396,0.007078507078507,0.8206063206063207,0.0072215072215072,Eastland,Eastland
48135,5953,68159,2013,42340,995,119460,0.0498325799430771,0.5705591829901222,0.0168508287292817,0.3544282605056085,0.0083291478319102,Ector,Ector
48137,7,528,9,587,9,1140,0.0061403508771929,0.4631578947368421,0.0078947368421052,0.5149122807017544,0.0078947368421052,Edwards,Edwards
48139,18030,33562,1560,86583,1249,140984,0.1278868524087839,0.2380553821710265,0.0110650853997616,0.6141335186971572,0.0088591613232707,Ellis,Ellis
48141,21327,524130,10818,84168,4519,644962,0.0330670644161981,0.8126525283660123,0.0167730812047841,0.1305007116698348,0.0070066143431706,Elpaso,Elpaso
48143,1289,6339,356,25583,270,33837,0.0380943937110263,0.1873393031297101,0.0105210272778319,0.7560658450808286,0.0079794308006028,Erath,Erath
48145,2990,2791,55,7524,86,13446,0.2223709653428529,0.2075710248401011,0.0040904358173434,0.5595716198125836,0.0063959541871188,Falls,Falls
48147,2031,2816,215,22733,332,28127,0.0722081985281046,0.1001173249902229,0.0076439008781597,0.8082269705265404,0.0118036050769723,Fannin,Fannin
48149,1086,3423,83,14710,94,19396,0.0559909259641163,0.1764796865333058,0.0042792328315116,0.758403794596824,0.0048463600742421,Fayette,Fayette
48151,76,689,14,2055,28,2862,0.0265548567435359,0.2407407407407407,0.0048916841369671,0.7180293501048218,0.0097833682739343,Fisher,Fisher
48153,112,2023,11,1775,8,3929,0.028505981165691,0.514889284805294,0.0027996945787732,0.4517688979384067,0.002036141511835,Floyd,Floyd
48155,12,136,2,748,1,899,0.0133481646273637,0.1512791991101223,0.0022246941045606,0.8320355951056729,0.0011123470522803,Foard,Foard
48157,126462,135560,138433,192834,3704,596993,0.2118316295165939,0.2270713391949319,0.2318837909322219,0.323008812498639,0.006204427857613,Fortbend,Fortbend
48159,306,967,57,6616,77,8023,0.0381403465038015,0.1205284806182226,0.0071045743487473,0.8246291910756575,0.0095974074535709,Franklin,Franklin
48161,2354,2086,67,10676,109,15292,0.1539366989275438,0.1364111953962856,0.0043813758828145,0.6981428197750458,0.0071279100183102,Freestone,Freestone
48163,665,10302,179,2601,78,13825,0.0481012658227848,0.7451717902350814,0.0129475587703435,0.1881374321880651,0.0056419529837251,Frio,Frio
48165,197,5544,69,8269,56,14135,0.0139370357269189,0.3922178988326848,0.004881499823134,0.5850017686593562,0.0039617969579059,Gaines,Gaines
48167,33972,60159,10910,160253,2088,267382,0.1270541771697421,0.2249927070633026,0.0408030458295622,0.5993410177199662,0.0078090522174267,Galveston,Galveston
48169,210,2701,26,1823,29,4789,0.0438504907078722,0.564000835247442,0.0054291083733556,0.3806640217164335,0.0060555439548966,Garza,Garza
48171,109,3944,134,17598,136,21921,0.0049724008941197,0.1799187993248483,0.0061128598147894,0.8027918434377994,0.006204096528443,Gillespie,Gillespie
48173,10,267,0,564,3,844,0.0118483412322274,0.3163507109004739,0.0,0.6682464454976303,0.0035545023696682,Glasscock,Glasscock
48175,207,1633,36,3602,22,5500,0.0376363636363636,0.2969090909090909,0.0065454545454545,0.6549090909090909,0.004,Goliad,Goliad
48177,902,6585,72,7053,77,14689,0.0614064946558649,0.4482946422493022,0.0049016270678739,0.4801552181904827,0.0052420178364762,Gonzales,Gonzales
48179,772,4097,129,10962,142,16102,0.0479443547385418,0.2544404421810955,0.0080114271519065,0.680784995652714,0.0088187802757421,Gray,Gray
48181,6407,12990,1778,81084,1664,103923,0.0616514149899444,0.1249963915591351,0.0171088209539755,0.7802315175658902,0.0160118549310547,Grayson,Grayson
48183,19495,15040,1483,57427,558,94003,0.2073869982872887,0.1599948937799857,0.0157760922523749,0.6109060349137794,0.0059359807665712,Gregg,Gregg
48185,3181,5011,138,14592,123,23045,0.1380342807550444,0.2174441310479496,0.0059882837925797,0.6331959210240833,0.0053373833803428,Grimes,Grimes
48187,10216,44169,3340,69377,1120,128222,0.0796743148601644,0.344472867370654,0.0260485720079237,0.5410693952675828,0.008734850493675,Guadalupe,Guadalupe
48189,1226,13372,145,9233,167,24143,0.0507807646108602,0.5538665451683717,0.0060058816220022,0.3824296897651493,0.0069171188336163,Hale,Hale
48191,147,617,8,1418,9,2199,0.0668485675306957,0.2805820827648931,0.003638017280582,0.6448385629831742,0.0040927694406548,Hall,Hall
48193,40,678,36,5687,50,6491,0.0061623786781697,0.1044523185949776,0.0055461408103527,0.8761361885687875,0.0077029733477122,Hamilton,Hamilton
48195,23,1656,8,2055,34,3776,0.0060911016949152,0.4385593220338983,0.0021186440677966,0.5442266949152542,0.0090042372881355,Hansford,Hansford
48197,121,516,21,2060,22,2740,0.0441605839416058,0.1883211678832116,0.0076642335766423,0.7518248175182481,0.0080291970802919,Hardeman,Hardeman
48199,2428,2150,392,37384,278,42632,0.0569525239256896,0.0504316006755488,0.0091949709138675,0.8768999812347532,0.0065209232501407,Hardin,Hardin
48201,686047,1405353,293222,1110318,24644,3519584,0.1949227522343549,0.3992952007964577,0.0833115504559629,0.3154685326447671,0.0070019638684571,Harris,Harris
48203,10657,6012,446,34272,478,51865,0.2054757543622867,0.1159163212185481,0.0085992480478164,0.660792441916514,0.0092162344548346,Harrison,Harrison
48205,214,1219,21,2757,11,4222,0.0506868782567503,0.2887257224064424,0.0049739459971577,0.653008053055424,0.0026054002842254,Hartley,Hartley
48207,178,997,20,3093,44,4332,0.0410895660203139,0.2301477377654663,0.0046168051708217,0.71398891966759,0.0101569713758079,Haskell,Haskell
48209,8671,65543,7581,102377,1351,185523,0.046738140284493,0.35328773251834,0.0408628579744829,0.5518291532586256,0.0072821159640583,Hays,Hays
48211,4,687,13,1679,13,2396,0.001669449081803,0.2867278797996661,0.0054257095158597,0.7007512520868113,0.0054257095158597,Hemphill,Hemphill
48213,4011,7234,526,52642,517,64930,0.0617742183890343,0.1114122901586323,0.0081010318804866,0.8107500385030032,0.0079624210688433,Henderson,Henderson
48215,3005,549880,7171,46534,1635,608225,0.0049406058613177,0.9040733281269268,0.011790044802499,0.0765078712647457,0.0026881499445106,Hidalgo,Hidalgo
48217,1666,4990,170,20451,209,27486,0.0606126755439132,0.1815469693662228,0.006184966892236,0.7440515171359965,0.0076038710616313,Hill,Hill
48219,503,7088,53,8191,102,15937,0.0315617744870427,0.4447512078810315,0.0033255945284557,0.5139612223128569,0.006400200790613,Hockley,Hockley
48221,495,5137,494,42643,440,49209,0.0100591355239895,0.1043914731045134,0.0100388140380824,0.8665691235343128,0.0089414537991017,Hood,Hood
48223,1961,4077,272,21348,213,27871,0.0703598722686663,0.1462810806931936,0.0097592479638333,0.7659574468085106,0.0076423522657959,Hopkins,Hopkins
48225,4240,2207,125,11209,105,17886,0.2370569160237056,0.1233925975623392,0.0069887062506988,0.6266912669126691,0.005870513250587,Houston,Houston
48227,1234,11985,346,13050,247,26862,0.045938500483955,0.4461693098056734,0.0128806492442856,0.485816394907304,0.0091951455587819,Howard,Howard
48229,11,1576,15,1055,10,2667,0.004124484439445,0.5909261342332208,0.0056242969628796,0.395575553055868,0.0037495313085864,Hudspeth,Hudspeth
48231,6642,12378,1038,55170,915,76143,0.0872306055710964,0.1625625467869666,0.0136322445924116,0.7245577400417635,0.0120168630077617,Hunt,Hunt
48233,410,3153,122,11476,269,15430,0.0265716137394685,0.2043421905379131,0.0079066753078418,0.7437459494491251,0.0174335709656513,Hutchinson,Hutchinson
48235,10,262,6,893,13,1184,0.0084459459459459,0.2212837837837837,0.0050675675675675,0.754222972972973,0.0109797297297297,Irion,Irion
48237,287,1029,36,5263,34,6649,0.043164385621898,0.1547601143029026,0.0054143480222589,0.791547601143029,0.0051135509099112,Jack,Jack
48239,730,3282,112,7112,104,11340,0.064373897707231,0.2894179894179894,0.0098765432098765,0.6271604938271605,0.0091710758377425,Jackson,Jackson
48241,4238,1456,112,19567,166,25539,0.1659422843494263,0.0570108461568581,0.0043854497043737,0.766161556834645,0.0064998629546967,Jasper,Jasper
48243,9,463,15,1204,20,1711,0.005260081823495,0.2706019871420222,0.0087668030391583,0.7036820572764465,0.0116890707188778,Jeffdavis,Jeffdavis
48245,64370,39717,8159,82231,1203,195680,0.3289554374488961,0.2029691332788225,0.0416956255110384,0.4202320114472608,0.006147792313982,Jefferson,Jefferson
48247,4,3077,23,390,22,3516,0.0011376564277588,0.8751422070534699,0.0065415244596131,0.1109215017064846,0.0062571103526734,Jimhogg,Jimhogg
48249,173,22115,128,6085,129,28630,0.0060426126440796,0.7724414949353825,0.0044708347886831,0.2125392944463849,0.0045057631854697,Jimwells,Jimwells
48251,5493,27491,1799,97520,1662,133965,0.0410032471167842,0.2052103161273467,0.0134288806777889,0.7279513305714179,0.0124062255066621,Johnson,Johnson
48253,1920,4302,105,9789,71,16187,0.1186137023537406,0.2657688268363501,0.0064866868474701,0.6047445480941497,0.0043862358682893,Jones,Jones
48255,1087,5805,143,4737,83,11855,0.0916912695065373,0.489666807254323,0.0120624209194432,0.3995782370307887,0.0070012652889076,Karnes,Karnes
48257,15390,22171,1910,63349,826,103646,0.1484861933890357,0.2139108118017096,0.0184281110703741,0.6112054493178705,0.0079694344210099,Kaufman,Kaufman
48259,295,6743,444,26410,287,34179,0.0086310307498756,0.1972848825302086,0.0129904327218467,0.7726966850990374,0.0083969688990315,Kendall,Kendall
48261,0,202,1,61,3,267,0.0,0.7565543071161048,0.0037453183520599,0.2284644194756554,0.0112359550561797,Kenedy,Kenedy
48263,5,63,1,533,6,608,0.0082236842105263,0.1036184210526315,0.0016447368421052,0.8766447368421053,0.0098684210526315,Kent,Kent
48265,686,9564,548,32154,318,43270,0.0158539403743933,0.2210307372313381,0.0126646637393113,0.743101455974116,0.0073492026808412,Kerr,Kerr
48267,27,704,38,2763,25,3557,0.0075906662918189,0.1979195951644644,0.0106831599662637,0.7767781838628057,0.0070283947146471,Kimble,Kimble
48269,0,20,0,165,4,189,0.0,0.1058201058201058,0.0,0.873015873015873,0.0211640211640211,King,King
48271,41,1097,22,1380,34,2574,0.0159285159285159,0.4261849261849262,0.0085470085470085,0.5361305361305362,0.0132090132090132,Kinney,Kinney
48273,885,16147,736,5875,148,23791,0.0371989407759236,0.6787020301794796,0.0309360682611071,0.2469421209701147,0.0062208398133748,Kleberg,Kleberg
48275,141,709,12,1651,13,2526,0.0558194774346793,0.2806809184481393,0.004750593824228,0.6536025336500396,0.0051464766429136,Knox,Knox
48277,5044,2679,429,29618,630,38400,0.1313541666666666,0.069765625,0.011171875,0.7713020833333334,0.01640625,Lamar,Lamar
48279,321,4999,15,4144,32,9511,0.033750394280307,0.5256019346020397,0.0015771212280517,0.4357060246030911,0.0033645252865103,Lamb,Lamb
48281,672,2739,333,12882,230,16856,0.0398671096345514,0.1624940673943996,0.0197555766492643,0.7642382534409112,0.0136449928808732,Lampasas,Lampasas
48283,220,3667,11,1362,8,5268,0.0417615793470007,0.6960895975702354,0.00208807896735,0.2585421412300683,0.0015186028853454,Lasalle,Lasalle
48285,946,2523,63,12100,49,15681,0.0603277852177794,0.1608953510617945,0.0040176009183087,0.771634462087877,0.0031248007142401,Lavaca,Lavaca
48287,1319,2800,66,8922,66,13173,0.1001290518484779,0.2125559857283838,0.0050102482350261,0.6772944659530858,0.0050102482350261,Lee,Lee
48289,808,1556,98,9863,81,12406,0.0651297759148799,0.1254231823311301,0.0078994035144285,0.7950185394164114,0.00652909882315,Leon,Leon
48291,5992,19447,450,40957,458,67304,0.0890288838702008,0.2889427077142517,0.0066860810650184,0.6085373826221324,0.0068049447283965,Liberty,Liberty
48293,2951,3166,146,10719,112,17094,0.1726336726336726,0.1852111852111852,0.0085410085410085,0.627062127062127,0.0065520065520065,Limestone,Limestone
48295,11,737,5,1534,17,2304,0.0047743055555555,0.3198784722222222,0.0021701388888888,0.6657986111111112,0.0073784722222222,Lipscomb,Lipscomb
48297,216,3758,39,5204,79,9296,0.023235800344234,0.4042598967297762,0.0041953528399311,0.5598106712564543,0.0084982788296041,Liveoak,Liveoak
48299,124,1679,135,16024,151,18113,0.0068459117760724,0.0926958538066582,0.0074532104013691,0.884668470159554,0.0083365538563462,Llano,Llano
48301,2,0,0,37,1,40,0.05,0.0,0.0,0.925,0.025,Loving,Loving
48303,20992,74950,8807,130742,2051,237542,0.0883717405764033,0.3155231495903882,0.037075548745064,0.550395298515631,0.0086342625725134,Lubbock,Lubbock
48305,82,1610,13,2274,29,4008,0.0204590818363273,0.4016966067864271,0.0032435129740518,0.5673652694610778,0.0072355289421157,Lynn,Lynn
48307,100,1643,37,4194,11,5985,0.0167084377610693,0.2745196324143693,0.0061821219715956,0.7007518796992481,0.0018379281537176,Mcculloch,McCulloch
48309,27814,45305,4878,117756,1638,197391,0.1409081467746756,0.2295190763509987,0.0247123729045397,0.5965621532896637,0.0082982506801221,Mclennan,McLennan
48311,6,181,5,291,4,487,0.0123203285420944,0.3716632443531827,0.0102669404517453,0.5975359342915811,0.0082135523613963,Mcmullen,McMullen
48313,2179,2541,88,5851,42,10701,0.2036258293617419,0.2374544435099523,0.0082235305111671,0.5467713297822634,0.0039248668348752,Madison,Madison
48315,1558,249,44,6079,86,8016,0.1943612774451097,0.031062874251497,0.0054890219560878,0.7583582834331337,0.0107285429141716,Marion,Marion
48317,72,1497,10,2093,24,3696,0.0194805194805194,0.4050324675324675,0.0027056277056277,0.5662878787878788,0.0064935064935064,Martin,Martin
48319,11,632,2,2549,8,3202,0.0034353529044347,0.1973766396002498,0.0006246096189881,0.7960649594003748,0.0024984384759525,Mason,Mason
48321,2870,10368,632,13115,162,27147,0.1057207057870114,0.3819206542159354,0.023280657162854,0.483110472612075,0.0059675102221239,Matagorda,Matagorda
48323,132,38788,157,1280,572,40929,0.0032250971194018,0.9476899020254588,0.0038359109677734,0.0312736690366243,0.0139754208507415,Maverick,Maverick
48325,1234,18298,273,18856,310,38971,0.0316645710913243,0.4695286238485027,0.0070052090015652,0.4838469631264273,0.0079546329321803,Medina,Medina
48327,20,501,6,1060,15,1602,0.0124843945068664,0.3127340823970037,0.0037453183520599,0.66167290886392,0.0093632958801498,Menard,Menard
48329,8255,49241,3062,61523,1053,123134,0.0670407848360322,0.3998976724543993,0.0248672178277323,0.4996426657137752,0.0085516591680608,Midland,Midland
48331,1712,4036,114,13079,129,19070,0.0897745149449397,0.2116413214472994,0.0059779758783429,0.6858416360776088,0.0067645516518091,Milam,Milam
48333,25,506,8,3010,20,3569,0.0070047632390025,0.141776407957411,0.0022415242364808,0.8433734939759037,0.005603810591202,Mills,Mills
48335,868,2618,48,3637,44,7215,0.1203049203049203,0.3628551628551628,0.0066528066528066,0.5040887040887041,0.006098406098406,Mitchell,Mitchell
48337,77,1483,96,13730,166,15552,0.0049511316872427,0.0953575102880658,0.0061728395061728,0.8828446502057613,0.0106738683127572,Montague,Montague
48339,27145,106583,18287,302714,3595,458324,0.0592266606156343,0.2325494628254248,0.0398997215943306,0.6604803588727625,0.0078437960918476,Montgomery,Montgomery
48341,551,8298,594,5370,131,14944,0.0368709850107066,0.5552730192719486,0.0397483940042826,0.3593415417558886,0.0087660599571734,Moore,Moore
48343,1992,697,43,6487,81,9300,0.2141935483870967,0.0749462365591397,0.0046236559139784,0.6975268817204301,0.0087096774193548,Morris,Morris
48345,11,91,4,734,1,841,0.0130796670630202,0.1082045184304399,0.0047562425683709,0.8727705112960761,0.0011890606420927,Motley,Motley
48347,8196,8965,749,31806,287,50003,0.1639101653900766,0.1792892426454412,0.0149791012539247,0.6360818350898946,0.0057396556206627,Nacogdoches,Nacogdoches
48349,5070,10180,373,22913,712,39248,0.1291785568691398,0.2593762739502649,0.0095036689767631,0.5838004484304933,0.0181410517733387,Navarro,Navarro
48351,1673,222,38,7674,65,9672,0.1729735318444996,0.0229528535980148,0.0039288668320926,0.793424317617866,0.0067204301075268,Newton,Newton
48353,499,3557,81,6818,73,11028,0.0452484584693507,0.3225426187885383,0.0073449401523395,0.6182444686253173,0.0066195139644541,Nolan,Nolan
48355,11202,157772,7126,92021,1935,270056,0.0414802855704002,0.5842195692745208,0.0263871197085049,0.3407478448914299,0.0071651805551441,Nueces,Nueces
48357,26,3490,27,3408,40,6991,0.0037190673723358,0.4992132742096982,0.003862108425118,0.487483907881562,0.0057216421112859,Ochiltree,Ochiltree
48359,22,186,10,1007,4,1229,0.0179007323026851,0.1513425549227013,0.0081366965012205,0.8193653376729048,0.0032546786004882,Oldham,Oldham
48361,5989,4737,989,52349,412,64476,0.0928872758856008,0.0734691978410571,0.0153390408834294,0.8119145108257336,0.0063899745641789,Orange,Orange
48363,498,3684,233,17425,198,22038,0.0225973318812959,0.1671658045194664,0.0105726472456665,0.7906797350031763,0.0089844813503947,Palopinto,Palopinto
48365,2596,1344,108,13040,88,17176,0.1511411271541686,0.0782487191429902,0.0062878435025617,0.759198882161155,0.0051234280391243,Panola,Panola
48367,1631,12475,1182,95019,1127,111434,0.0146364664285586,0.1119496742466392,0.0106071755478579,0.8526930739271676,0.0101136098497765,Parker,Parker
48369,58,4355,16,2574,26,7029,0.0082515293782899,0.6195760421112534,0.0022762839664248,0.3661971830985915,0.0036989614454403,Parmer,Parmer
48371,499,7839,128,3065,49,11580,0.0430915371329879,0.6769430051813472,0.0110535405872193,0.2646804835924007,0.0042314335060449,Pecos,Pecos
48373,4211,5248,350,30075,780,40664,0.1035559708833366,0.1290576431241392,0.0086071217784772,0.7395976785362974,0.0191815856777493,Polk,Polk
48375,9290,30459,4368,43515,966,88598,0.1048556400821689,0.3437887988442177,0.0493013386306688,0.4911510417842389,0.0109031806587056,Potter,Potter
48377,20,3688,64,875,25,4672,0.0042808219178082,0.7893835616438356,0.0136986301369863,0.1872859589041096,0.0053510273972602,Presidio,Presidio
48379,233,703,81,8535,94,9646,0.024155090192826,0.0728799502384408,0.0083972631142442,0.8848227244453659,0.0097449720091229,Rains,Rains
48381,3797,20601,2306,79071,978,106753,0.03556808707952,0.1929781832829054,0.0216012664749468,0.7406911281181794,0.0091613350444484,Randall,Randall
48383,43,1514,24,810,11,2402,0.0179017485428809,0.630308076602831,0.0099916736053288,0.3372189841798501,0.004579517069109,Reagan,Reagan
48385,19,482,11,1760,10,2282,0.0083260297984224,0.2112182296231376,0.0048203330411919,0.7712532865907099,0.0043821209465381,Real,Real
48387,1431,473,63,7227,85,9279,0.1542192046556741,0.0509753206164457,0.0067895247332686,0.7788554801163918,0.0091604698782196,Redriver,Redriver
48389,199,9739,147,1480,54,11619,0.01712711937344,0.8381960581805663,0.0126516911954557,0.1273775712195541,0.0046475600309837,Reeves,Reeves
48391,329,2412,26,2454,23,5244,0.0627383676582761,0.459954233409611,0.0049580472921434,0.4679633867276888,0.0043859649122807,Refugio,Refugio
48393,11,29,0,584,2,626,0.0175718849840255,0.0463258785942492,0.0,0.9329073482428116,0.0031948881789137,Roberts,Roberts
48395,2374,2309,90,7896,53,12722,0.1866058795786826,0.1814966200282974,0.0070743593774563,0.6206571293821727,0.0041660116333909,Robertson,Robertson
48397,6169,13181,2940,55588,647,78525,0.0785609678446354,0.167857370264247,0.037440305635148,0.7079019420566699,0.0082394141992995,Rockwall,Rockwall
48399,156,2283,30,5116,51,7636,0.0204295442640125,0.2989785227867993,0.0039287585123101,0.6699842849659507,0.0066788894709271,Runnels,Runnels
48401,6946,6360,235,26886,291,40718,0.1705879463627879,0.1561962768308856,0.0057714033105751,0.6602976570558475,0.0071467164399037,Rusk,Rusk
48403,576,251,50,7122,64,8063,0.0714374302368845,0.0311298524122535,0.006201165819174,0.8832940592831452,0.0079374922485427,Sabine,Sabine
48405,1369,394,27,4478,18,6286,0.2177855552020362,0.0626789691377664,0.0042952593063951,0.7123767101495386,0.0028635062042634,Sanaugustine,Sanaugustine
48407,1767,3087,113,16320,160,21447,0.0823891453350118,0.1439362148552245,0.0052688021634727,0.760945586795356,0.0074602508509348,Sanjacinto,Sanjacinto
48409,913,26738,784,22572,370,51377,0.0177705977382875,0.5204274286159176,0.0152597465792085,0.4393405609513985,0.0072016661151877,Sanpatricio,Sanpatricio
48411,116,1211,37,3214,28,4606,0.0251845419018671,0.2629179331306991,0.0080330004342162,0.6977854971775944,0.0060790273556231,Sansaba,Sansaba
48413,19,873,11,950,14,1867,0.0101767541510444,0.4675950723085163,0.0058918050348152,0.5088377075522228,0.0074986609534011,Schleicher,Schleicher
48415,574,4731,71,7210,63,12649,0.0453790813503043,0.3740216617914459,0.0056130919440271,0.570005534034311,0.0049806308799114,Scurry,Scurry
48417,10,228,16,2100,8,2362,0.004233700254022,0.0965283657917019,0.0067739204064352,0.8890770533446232,0.0033869602032176,Shackelford,Shackelford
48419,2957,2963,273,11790,88,18071,0.1636323391068563,0.1639643627912124,0.0151070776382048,0.6524265397598362,0.0048696807038902,Shelby,Shelby
48421,23,841,4,1098,8,1974,0.0116514690982776,0.4260385005065856,0.0020263424518743,0.5562310030395137,0.0040526849037487,Sherman,Sherman
48423,29925,30191,3639,112596,1107,177458,0.1686314508221663,0.1701303970516967,0.0205062606363195,0.6344937957150424,0.0062380957747748,Smith,Smith
48425,48,1066,44,5749,61,6968,0.0068886337543053,0.1529850746268656,0.0063145809414466,0.8250574052812859,0.0087543053960964,Somervell,Somervell
48427,55,45030,75,900,50,46110,0.0011927998265018,0.9765777488614183,0.001626545217957,0.0195185426154847,0.001084363478638,Starr,Starr
48429,235,1459,50,5332,51,7127,0.0329732005051213,0.2047144661147748,0.0070155745755577,0.7481408727374772,0.0071558860670688,Stephens,Stephens
48431,7,309,1,693,5,1015,0.0068965517241379,0.3044334975369458,0.0009852216748768,0.6827586206896552,0.0049261083743842,Sterling,Sterling
48433,24,141,6,827,5,1003,0.0239282153539381,0.1405782652043868,0.0059820538384845,0.8245264207377866,0.0049850448654037,Stonewall,Stonewall
48435,8,1495,7,1036,9,2555,0.0031311154598825,0.5851272015655578,0.0027397260273972,0.4054794520547945,0.0035225048923679,Sutton,Sutton
48437,351,2153,16,2723,26,5269,0.0666160561776428,0.4086164357563105,0.003036629341431,0.5167963560447902,0.0049345226798253,Swisher,Swisher
48439,273133,414177,107712,764767,14257,1574046,0.1735228830669497,0.2631289047461129,0.0684300204695415,0.4858606419380374,0.0090575497793584,Tarrant,Tarrant
48441,8978,22891,2830,72915,951,108565,0.0826970017961589,0.2108506424722516,0.0260673329341868,0.6716252936029107,0.0087597291944917,Taylor,Taylor
48443,9,278,3,324,2,616,0.0146103896103896,0.4512987012987013,0.0048701298701298,0.525974025974026,0.0032467532467532,Terrell,Terrell
48445,364,4454,44,3683,37,8582,0.0424143556280587,0.5189932416686087,0.0051270100209741,0.4291540433465393,0.0043113493358191,Terry,Terry
48447,4,92,3,1026,3,1128,0.0035460992907801,0.0815602836879432,0.0026595744680851,0.9095744680851064,0.0026595744680851,Throckmorton,Throckmorton
48449,2311,8621,203,11379,141,22655,0.1020083866696093,0.380534098433017,0.0089604943721032,0.5022732288677996,0.0062237916574707,Titus,Titus
48451,3755,32675,1765,52865,695,91755,0.040924200316059,0.3561113835758269,0.0192360089368426,0.5761538880714947,0.0075745190997765,Tomgreen,Tomgreen
48453,83989,301758,90187,532684,7872,1016490,0.082626489193204,0.2968627335241862,0.0887239421932335,0.5240425385394839,0.0077442965498922,Travis,Travis
48455,914,830,52,9130,56,10982,0.0832270988890912,0.0755782189036605,0.0047350209433618,0.8313604079402659,0.0050992533236204,Trinity,Trinity
48457,1794,1172,100,12788,121,15975,0.112300469483568,0.0733646322378716,0.0062597809076682,0.8005007824726135,0.0075743348982785,Tyler,Tyler
48459,2517,2354,202,25471,310,30854,0.0815777532896869,0.0762948078044986,0.0065469631166137,0.8255331561547935,0.0100473196344072,Upshur,Upshur
48461,75,1222,11,1120,10,2438,0.0307629204265791,0.5012305168170632,0.0045118949958982,0.4593929450369155,0.0041017227235438,Upton,Upton
48463,116,12415,135,5736,78,18480,0.0062770562770562,0.6718073593073594,0.0073051948051948,0.3103896103896104,0.0042207792207792,Uvalde,Uvalde
48465,500,27098,359,6885,129,34971,0.0142975608361213,0.7748706070744331,0.0102656486803351,0.1968774127133911,0.0036887706957193,Valverde,Valverde
48467,1318,4482,295,39492,383,45970,0.0286708723080269,0.0974983685011964,0.0064172286273656,0.859082010006526,0.0083315205568849,Vanzandt,Vanzandt
48469,4316,29639,1215,33289,344,68803,0.0627298228274929,0.4307806345653532,0.0176591137014374,0.4838306469194657,0.0049997819862505,Victoria,Victoria
48471,14262,13445,1077,35564,495,64843,0.2199466403466835,0.2073469765433431,0.0166093487346359,0.5484632111407554,0.0076338232345819,Walker,Walker
48473,10631,12106,671,19345,446,43199,0.2460936595754531,0.2802379684714924,0.0155327669621982,0.4478112919280539,0.0103243130628023,Waller,Waller
48475,365,4369,47,3660,45,8486,0.0430120197973132,0.5148479849163328,0.0055385340560923,0.4312986094744285,0.0053028517558331,Ward,Ward
48477,4487,4123,477,18993,181,28261,0.1587700364459856,0.1458900958918651,0.0168783836382293,0.6720568981989314,0.0064045858249885,Washington,Washington
48479,740,176805,1098,7447,364,186454,0.0039688073197678,0.9482499705021078,0.0058888519420339,0.0399401460950153,0.001952224141075,Webb,Webb
48481,4248,11444,154,15331,137,31314,0.1356581720636137,0.3654595388644057,0.0049179280832854,0.4895893210704477,0.0043750399182474,Wharton,Wharton
48483,67,738,28,2906,34,3773,0.01775775245163,0.1956003180492976,0.0074211502782931,0.7702093824542804,0.0090113967664988,Wheeler,Wheeler
48485,11304,17506,2686,67929,1267,100692,0.1122631390775831,0.1738569101815437,0.0266754061891709,0.6746216184006674,0.0125829261510348,Wichita,Wichita
48487,899,2473,404,6050,95,9921,0.0906158653361556,0.2492692268924503,0.0407217014413869,0.6098175587138394,0.0095756476161677,Wilbarger,Wilbarger
48489,447,13196,165,1601,75,15484,0.028868509429088,0.8522345647119607,0.0106561611986566,0.1033970550245414,0.004843709635753,Willacy,Willacy
48491,32201,98419,42101,276488,3836,453045,0.071076824597998,0.2172389056274763,0.092928958491982,0.6102881612201878,0.0084671500623558,Williamson,Williamson
48493,727,13543,309,22931,261,37771,0.019247570887718,0.3585555055465833,0.0081808795107357,0.6071059807789044,0.0069100632760583,Wilson,Wilson
48495,116,3192,62,2202,30,5602,0.020706890396287,0.5697965012495537,0.0110674759014637,0.3930739021777936,0.0053552302749018,Winkler,Winkler
48497,695,8787,387,41472,495,51836,0.013407670344934,0.1695153947063816,0.0074658538467474,0.8000617331584228,0.0095493479435141,Wise,Wise
48499,1551,3278,246,31198,278,36551,0.0424338595387267,0.0896829088123443,0.0067303220158135,0.8535470985745944,0.0076058110585209,Wood,Wood
48501,52,3330,36,2026,29,5473,0.009501187648456,0.608441439795359,0.0065777452950849,0.3701808879956148,0.0052987392654851,Yoakum,Yoakum
48503,180,2193,81,11103,91,13648,0.0131887456037514,0.1606828839390386,0.0059349355216881,0.8135257913247362,0.0066676436107854,Young,Young
48505,14,8837,15,705,21,9592,0.0014595496246872,0.9212885738115096,0.0015638031693077,0.0734987489574645,0.0021893244370308,Zapata,Zapata
48507,45,6380,24,453,17,6919,0.0065038300332417,0.9220985691573926,0.0034687093510622,0.0654718890013007,0.0024570024570024,Zavala,Zavala
